name,category
الخدمات البترولية (ماراديف),بترول
ابروم,بترول
ابو الهول للاخشاب,خاصة
اتحاد مصدرى الاقطان,خاصة
اسبيك,بترول
اسكندرية للبترول,بترول
اسواق فتح الله,فتح الله خاصة
اشفاء,جمعية
الاسكندرية للصناعات المعدنية,خاصة
الاولى للخدمات,رعاية
التعاون للبترول,بترول
الجهاز المركزى للمحاسبات,حكومة
الحديد والصلب (عز الدخيلة),عز الدخيلة خاصة
الخدمات اللوجستية,كيماويات
الروضة للتنمية الزراعية والحيوانية,خاصة
السهام البترولية,بترول
الشركة التجارية للاخشاب,خاصة
الشركة المصرية للاثيلين,بترول
العامرية للبترول,بترول
العز لصناعة الصلب المسطح,عز الدخيلة خاصة
العز للدرفله,عز الدخيلة خاصة
اللجنة النقابية شركة الكهرباء,حكومة
المركز الطبى لسكك حديد مصر,حكومة
المستقبل للرعاية,رعاية
المستودعات المصرية العامة,حكومة
المصرية للاتصالات we,خاصة
المصرية لاصلاح السفن,حكومة
المصرية للشحن والتفريغ,حكومة
المقاولين العرب,خاصة
النصر للملاحات,حكومة
الهيئة العامه لمشروعات التعمير,حكومة
اليكو,رعاية
اموك,بترول
اميال الخليج,خاصة
انابيب البترول,بترول
اوميجا كير,رعاية
ايجى كير,رعاية
اكبا,بترول
بتروتريد,بترول
بتروجاس,بترول
بتروجيت,بترول
البتروكيماويات,كيماويات
بترول ابوقير,بترول
بترومنت,بترول
بنك القاهرة,بنك خاصة
بنك مصر,بنك خاصة
بوتاجاسكو,بترول
تاون جاس,بترول
تراى كير للرعاية,رعاية
جاسكو,بترول
جلوب ميد,رعاية
جمال راضى للمقاولات,خاصة
جمعية صلب الدخيلة,عز الدخيلة خاصة
جهاز برج العرب,حكومة
جهاز تنمية الساحل الشمالى,حكومة
حديد عز السادات,عز الدخيلة خاصة
دريم مشرق للاغذية,خاصة
ريلانس هيلث كير,رعاية
سمارت كير,رعاية
سيدبك,كيماويات
سيدى كير للمجتمعات العلاجية,جمعية
شركة اكسون,رعاية
شركة دايموند DMS,رعاية
شركة صيانكو,بترول
شركة عناية مصر,رعاية
شركة الكهرباء الاسكندرية (مجمع),حكومة
شركة المعمورة,حكومة
شركة صان مصر,رعاية
صحة وان,رعاية
عناية مصر فاركو,رعاية
فيوتشر هيلث كير,رعاية
كارجاس,بترول
كمال سعد,خاصة
كونتر ستيل,عز الدخيلة خاصة
كير بلاس,رعاية
لايف كير,رعاية
لجنة عمال المقاولين العرب حديد عز,عز الدخيلة خاصة
لورد,خاصة
ليمتلس كير,رعاية
مجمع فتح الله,فتح الله خاصة
مستشفى البترول,بترول
مشرق لتنمية الاعمال,خاصة
مصر لصناعة الكيماويات,كيماويات
مصر للبترول,بترول
مصر للتامين,رعاية
مصر هيلث كير,رعاية
مصلحة الجمارك,حكومة
مودرن جاز,بترول
مؤسسة مرسال,جمعية
مياه الشرب,حكومة
ميد رايت,رعاية
ميد شور,رعاية
ميد نت,رعاية
ميدور,حكومة
هيئة ميناء الاسكندرية,حكومة
نقابة الصحفيين,نقابة
نقابة المحامين,نقابة
نقابة المهن الطبية,نقابة
نقابة المهندسين,نقابة
نكست كير,رعاية
هيئة انقاذ الطفولة,جمعية
وادى النيل,رعاية
وان كير,رعاية
ويبكو,بترول
يونايتد,خاصة
يونى كير,رعاية
