day,time,doctor,degree,specialty
السبت,1:30 مساءً,هويدا محروس,استشاري,أسنان
السبت,10 صباحًا,هشام احمد ترك,استشاري,أسنان
السبت,4 مساءً,أشرف نجم,استشاري,أسنان
السبت,3 مساءً,نسمه علاء الدين,أخصائي,أطفال
السبت,5 مساءً,اميره محمد,أخصائي,أطفال
السبت,8:30 مساءً,اميمه سعيد محمود,استشاري,أطفال
السبت,2 مساءً,احمد محمد متولي,استشاري,الأوعية الدموية
السبت,6 مساءً,عبد العزيز صلاح الدين,استشاري,الصدرية
السبت,7 مساءً,محمد احمد سالم,استشاري,الصدرية
السبت,2 مساءً,علي يوسف,أخصائي,القلب
السبت,3:30 مساءً,عبدالعزيز عبدالله,أخصائي,امراض الروماتيزم
السبت,5 مساءً,نبيل احمد حسان,استشاري,انف و اذن و حنجرة
السبت,8 مساءً,خالد السيد,استشاري,انف و اذن و حنجرة
السبت,1:30 مساءً,مصطفى صالح,استشاري,باطنة
السبت,1 مساءً,ايمن مفتاح,استشاري,باطنة
السبت,3 مساءً,ولاء حسين,استشاري,باطنة
السبت,3 مساءً,عبد الله الصاوي,استشاري,باطنة
السبت,7 مساءً,هشام الشربيني,استشاري,باطنة
السبت,8 مساءً,شيماء السيد محمد,استشاري,باطنه و كلي
السبت,7 مساءً,محمد نبيل ابو قمر,استشاري,جراحة الاوعية الدموية
السبت,2 مساءً,محمد حسن ابراهيم,استشاري,جراحة التجميل
السبت,4 مساءً,احمد محمد عبد الستار,استشاري,جراحة عامة
السبت,9 مساءً,مصطفى ابراهيم سيف,استشاري,جراحة عامة
السبت,2 مساءً,عمر حسن,استشاري,جلدية
السبت,4 مساءً,إبراهيم عبدالله,استشاري,جلدية
السبت,6 مساءً,عرفان عبدالرحمن,استشاري,جلدية
السبت,5 مساءً,محمد اديب,أخصائي,جهاز هضمي و كبد
السبت,9:30 مساءً,وليد ابراهيم المزين,استشاري,جهاز هضمي و كبد
السبت,1:30 مساءً,محمد عرفه,استشاري,رمد
السبت,6 مساءً,عبد الله عيسي,أخصائي,رمد
السبت,8:30 مساءً,رامي محمد,أخصائي,رمد
السبت,1:30 مساءً,محمود فضل,أخصائي,سكر وغدد
السبت,8 مساءً,ايمن نظير,استشاري,طب طبيعي
السبت,2 مساءً,محمد احمد علي,استشاري,عظام
السبت,4:30 مساءً,محمد مدحت محمد,أخصائي,عظام
السبت,9 مساءً,عبدالرحمن السيد حافظ,استشاري,عظام
السبت,3 مساءً,وائل حسن السمنودي,استشاري,مسالك بولية
السبت,9 مساءً,زياد فهمي,استشاري,مسالك بولية
السبت,1:30 مساءً,انعام فكري مناع,استشاري,نساء و ولادة
السبت,5 مساءً,سالي عز الدين,أخصائي,نساء و ولادة
السبت,4 مساءً,محمد البنا,استشاري,نفسية وعصبية
الأحد,11 صباحًا,هشام احمد ترك,استشاري,أسنان
الأحد,2 مساءً,عبير عبد العظيم احمد,أخصائي,أسنان
الأحد,4 مساءً,محمد احمد محمود,أخصائي,أسنان
الأحد,5:30 مساءً,إيمان احمد,أخصائي,أطفال
الأحد,1:30 مساءً,احمد محمد متولي,استشاري,الأوعية الدموية
الأحد,6:30 مساءً,عبد العزيز صلاح الدين,استشاري,الصدرية
الأحد,8 مساءً,عادل عبد الرحمن,استشاري,الصدرية
الأحد,11 صباحًا,محمود محمد درباله,استشاري,القلب
الأحد,2 مساءً,اسامة عبدالرحيم عمر,استشاري,القلب
الأحد,5 مساءً,احمد خالد الجندي,أخصائي,القلب
الأحد,11 صباحًا,دينا سليم,استشاري,امراض دم
الأحد,1:30 مساءً,عمرو حبيبه,استشاري,انف و اذن و حنجرة
الأحد,4 مساءً,محمد سيد جادو,أخصائي,انف و اذن و حنجرة
الأحد,7 مساءً,محمد محسن محمد - انف و اذن,استشاري,انف و اذن و حنجرة
الأحد,2 مساءً,مصطفى صالح,استشاري,باطنة
الأحد,3 مساءً,سمير الوكيل,استشاري,باطنة
الأحد,9 مساءً,ايمن مفتاح,استشاري,باطنة
الأحد,9 مساءً,عبد الله الصاوي,استشاري,باطنة
الأحد,4 مساءً,مسعود محمد الورداني,استشاري,باطنه و حميات
الأحد,8 مساءً,احمد عواد عبدالحميد,استشاري,باطنه و كلي
الأحد,9:30 مساءً,محمد هشام عثمان,استشاري,جراحة التجميل
الأحد,2 مساءً,حسام عبدالسلام,استشاري,جراحة عامة
الأحد,8 مساءً,احمد محمد عبد الستار,استشاري,جراحة عامة
الأحد,1 مساءً,نجلاء ممدوح,استشاري,جلدية
الأحد,4 مساءً,إبراهيم عبدالله,استشاري,جلدية
الأحد,6:30 مساءً,عرفان عبدالرحمن,استشاري,جلدية
الأحد,6 مساءً,محمد اديب,أخصائي,جهاز هضمي و كبد
الأحد,1:30 مساءً,محمد عرفه,استشاري,رمد
الأحد,5 مساءً,مروه المليجي,أخصائي,رمد
الأحد,8:30 مساءً,حاتم عز الدين,أخصائي,رمد
الأحد,4 مساءً,بهاء مختار,استشاري,سكر وغدد
الأحد,8 مساءً,عمر خميس ابراهيم,استشاري,طب طبيعي
الأحد,10 مساءً,علي ابراهيم بدوي,استشاري,عظام
الأحد,5 مساءً,احمد عبدالفتاح السماحيسي,استشاري,عظام
الأحد,1:30 مساءً,هاني اديب,أستاذ,مخ واعصاب
الأحد,1 مساءً,محمود احمد السيد,أخصائي,مسالك بولية
الأحد,5 مساءً,عبدالرحمن ممدوح,أخصائي,مسالك بولية
الأحد,1 مساءً,محمد نعيم حسن,استشاري,نساء و ولادة
الأحد,5 مساءً,ياسمين احمد دويدار,أخصائي,نساء و ولادة
الإثنين,1 مساءً,هويدا محروس,استشاري,أسنان
الإثنين,4 مساءً,أشرف نجم,استشاري,أسنان
الإثنين,3 مساءً,نسمه علاء الدين,أخصائي,أطفال
الإثنين,5 مساءً,اميره محمد,أخصائي,أطفال
الإثنين,8:30 مساءً,اميمه سعيد محمود,استشاري,أطفال
الإثنين,6 مساءً,عبد العزيز صلاح الدين,استشاري,الصدرية
الإثنين,7 مساءً,محمد احمد سالم,استشاري,الصدرية
الإثنين,1:30 مساءً,مصطفى مصطفى العروسي,أخصائي,القلب
الإثنين,3 مساءً,عبدالعزيز عبدالله,أخصائي,امراض الروماتيزم
الإثنين,4 مساءً,محمد بكر زكي,استشاري,انف و اذن و حنجرة
الإثنين,8 مساءً,خالد السيد,استشاري,انف و اذن و حنجرة
الإثنين,3 مساءً,ولاء حسين,استشاري,باطنة
الإثنين,7 مساءً,هشام الشربيني,استشاري,باطنة
الإثنين,8 مساءً,شيماء السيد محمد,استشاري,باطنه و كلي
الإثنين,3:30 مساءً,محمد نبيل ابو قمر,استشاري,جراحة الاوعية الدموية
الإثنين,6 مساءً,عمرو صالح,استشاري,جراحة الصدر والقلب
الإثنين,1:30 مساءً,ايمن عماره,استشاري,جراحة عامة
الإثنين,8 مساءً,محمد حسن الكومي,استشاري,جراحة عامة
الإثنين,4 مساءً,إبراهيم عبدالله,استشاري,جلدية
الإثنين,6 مساءً,عرفان عبدالرحمن,استشاري,جلدية
الإثنين,5 مساءً,احمد حامد ابراهيم,أخصائي,جهاز هضمي و كبد
الإثنين,4 مساءً,محمد فهمي,أستاذ,رمد
الإثنين,4 مساءً,بهاء مختار,استشاري,سكر وغدد
الإثنين,8 مساءً,ايمن نظير,استشاري,طب طبيعي
الإثنين,4:30 مساءً,عبدالرحمن السيد حافظ,استشاري,عظام
الإثنين,8:30 مساءً,فتحي صبري فتحي الشريف,استشاري,عظام
الإثنين,6 مساءً,محمد محمود العدواي,استشاري,مخ واعصاب
الإثنين,5 مساءً,محمود عبدالعزيز الصباغ,استشاري,مسالك بولية
الإثنين,8 مساءً,حسين نور,استشاري,مسالك بولية
الإثنين,1:30 مساءً,انعام فكري مناع,استشاري,نساء و ولادة
الإثنين,5 مساءً,سالي عز الدين,أخصائي,نساء و ولادة
الإثنين,8 مساءً,شريف علي موسي,استشاري,نساء و ولادة
الإثنين,4 مساءً,محمد البنا,استشاري,نفسية وعصبية
الثلاثاء,11 صباحًا,ايه محمد الكرداوي,أخصائي,أسنان
الثلاثاء,2 مساءً,عبير عبد العظيم احمد,أخصائي,أسنان
الثلاثاء,4 مساءً,محمد احمد محمود,أخصائي,أسنان
الثلاثاء,7 مساءً,هشام احمد ترك,استشاري,أسنان
الثلاثاء,2 مساءً,اميره محمد,أخصائي,أطفال
الثلاثاء,5:30 مساءً,إيمان احمد,أخصائي,أطفال
الثلاثاء,8:30 مساءً,اميمه سعيد محمود,استشاري,أطفال
الثلاثاء,7 مساءً,عبد العزيز صلاح الدين,استشاري,الصدرية
الثلاثاء,8:30 مساءً,عادل عبد الرحمن,استشاري,الصدرية
الثلاثاء,1:30 مساءً,مصطفى مصطفى العروسي,أخصائي,القلب
الثلاثاء,1 مساءً,محمد متولي,أخصائي,انف و اذن و حنجرة
الثلاثاء,4 مساءً,محمد سيد جادو,أخصائي,انف و اذن و حنجرة
الثلاثاء,8:30 مساءً,محمد بكر زكي,استشاري,انف و اذن و حنجرة
الثلاثاء,1:30 مساءً,ولاء حسين,استشاري,باطنة
الثلاثاء,1 مساءً,ايمن مفتاح,استشاري,باطنة
الثلاثاء,5 مساءً,سمير الوكيل,استشاري,باطنة
الثلاثاء,8 مساءً,احمد جادو,أخصائي,باطنة
الثلاثاء,9 مساءً,عبد الاله الصاوي,استشاري,باطنة
الثلاثاء,4 مساءً,مسعود محمد الورداني,استشاري,باطنه و حميات
الثلاثاء,1 مساءً,منه الدغيدي,أخصائي,جراحة الاوعية الدموية
الثلاثاء,6 مساءً,محمد حسن ابراهيم,استشاري,جراحة التجميل
الثلاثاء,1 مساءً,ياسر محمد عبدالسلام,استشاري,جراحة عامة
الثلاثاء,4 مساءً,احمد محمد عبد الستار,استشاري,جراحة عامة
الثلاثاء,9 مساءً,مصطفى ابراهيم سيف,استشاري,جراحة عامة
الثلاثاء,2 مساءً,عمر حسن,استشاري,جلدية
الثلاثاء,4 مساءً,إبراهيم عبدالله,استشاري,جلدية
الثلاثاء,6 مساءً,عرفان عبدالرحمن,استشاري,جلدية
الثلاثاء,3 مساءً,محمد سعيد شاطر,أستاذ,جهاز هضمي و كبد
الثلاثاء,1:30 مساءً,محمد عرفه,استشاري,رمد
الثلاثاء,4 مساءً,مروه المليجي,أخصائي,رمد
الثلاثاء,8 مساءً,مهند رمضان,أخصائي,رمد
الثلاثاء,2 مساءً,بهاء مختار,استشاري,سكر وغدد
الثلاثاء,6 مساءً,هند عبدالمنعم,استشاري,سكر وغدد
الثلاثاء,8 مساءً,عمر خميس ابراهيم,استشاري,طب طبيعي
الثلاثاء,5 مساءً,احمد عبدالفتاح السماحيسي,استشاري,عظام
الثلاثاء,9:30 مساءً,محمد مدحت محمد,أخصائي,عظام
الثلاثاء,5 مساءً,إيمان النجار,استشاري,كلى أطفال
الثلاثاء,1 مساءً,محمود احمد السيد,أخصائي,مسالك بولية
الثلاثاء,3 مساءً,وائل حسن السمنودي,استشاري,مسالك بولية
الثلاثاء,9 مساءً,عبدالرحمن ممدوح,أخصائي,مسالك بولية
الثلاثاء,1 مساءً,انعام فكري مناع,استشاري,نساء و ولادة
الثلاثاء,5 مساءً,ياسمين احمد دويدار,أخصائي,نساء و ولادة
الثلاثاء,2:30 مساءً,وليد محروس,استشاري,نفسية وعصبية
الأربعاء,11 صباحًا,هشام احمد ترك,استشاري,أسنان
الأربعاء,2 مساءً,عبير عبد العظيم احمد,أخصائي,أسنان
الأربعاء,4 مساءً,محمد احمد محمود,أخصائي,أسنان
الأربعاء,2 مساءً,اميره محمد,أخصائي,أطفال
الأربعاء,5:30 مساءً,إيمان احمد,أخصائي,أطفال
الأربعاء,3 مساءً,محمد احمد سالم,استشاري,الصدرية
الأربعاء,6:30 مساءً,عبد العزيز صلاح الدين,استشاري,الصدرية
الأربعاء,8 مساءً,عادل عبد الرحمن,استشاري,الصدرية
الأربعاء,6 مساءً,احمد عبدالعظيم,أخصائي,القلب
الأربعاء,2:30 مساءً,طارق عبدالعزيز,استشاري,امراض الروماتيزم
الأربعاء,3 مساءً,عمرو حبيبه,استشاري,انف و اذن و حنجرة
الأربعاء,5 مساءً,محمد محسن محمد - انف و اذن,استشاري,انف و اذن و حنجرة
الأربعاء,8 مساءً,خالد السيد,استشاري,انف و اذن و حنجرة
الأربعاء,1:30 مساءً,محمد احمد بسيوني,أخصائي,باطنة
الأربعاء,3 مساءً,عبد الاله الصاوي,استشاري,باطنة
الأربعاء,7 مساءً,هشام الشربيني,استشاري,باطنة
الأربعاء,8:30 مساءً,احمد عواد عبدالحميد,استشاري,باطنه و كلي
الأربعاء,4 مساءً,علي محمد متولي,أخصائي,جراحة الاوعية الدموية
الأربعاء,1:30 مساءً,ايمن عماره,استشاري,جراحة عامة
الأربعاء,9 مساءً,مصطفى ابراهيم سيف,استشاري,جراحة عامة
الأربعاء,2 مساءً,نجلاء ممدوح,استشاري,جلدية
الأربعاء,4 مساءً,إبراهيم عبدالله,استشاري,جلدية
الأربعاء,6 مساءً,عرفان عبدالرحمن,استشاري,جلدية
الأربعاء,9:30 مساءً,وليد ابراهيم المزين,استشاري,جهاز هضمي و كبد
الأربعاء,1:30 مساءً,محمد عرفه,استشاري,رمد
الأربعاء,6 مساءً,عبد الله عيسي,أخصائي,رمد
الأربعاء,9 مساءً,رامي محمد,أخصائي,رمد
الأربعاء,7:30 مساءً,بهاء مختار,استشاري,سكر وغدد
الأربعاء,8 مساءً,ايمن نظير,استشاري,طب طبيعي
الأربعاء,2:30 مساءً,وائل المهدي,أخصائي,عظام
الأربعاء,8:30 مساءً,فتحي صبري فتحي الشريف,استشاري,عظام
الأربعاء,1 مساءً,احمد فتحي حسن,استشاري,مخ واعصاب
الأربعاء,1 مساءً,هاني اديب,أستاذ,مخ واعصاب
الأربعاء,4 مساءً,زياد فهمي,استشاري,مسالك بولية
الأربعاء,6 مساءً,محمد علاء الدالي,أخصائي,نساء و ولادة
الأربعاء,8 مساءً,شريف علي موسي,استشاري,نساء و ولادة
الخميس,11 صباحًا,ايه محمد الكرداوي,أخصائي,أسنان
الخميس,2 مساءً,هويدا محروس,استشاري,أسنان
الخميس,4 مساءً,أشرف نجم,استشاري,أسنان
الخميس,7 مساءً,هشام احمد ترك,استشاري,أسنان
الخميس,2 مساءً,هند يوسف,أخصائي,أطفال
الخميس,5 مساءً,اميره محمد,أخصائي,أطفال
الخميس,8:30 مساءً,اميمه سعيد محمود,استشاري,أطفال
الخميس,1 مساءً,عبد العزيز صلاح الدين,استشاري,الصدرية
الخميس,1:30 مساءً,احمد المعازي,أخصائي,القلب
الخميس,2:30 مساءً,اسامة عبدالرحيم عمر,استشاري,القلب
الخميس,4 مساءً,منار سمير,أخصائي,القلب
الخميس,2 مساءً,محمد محسن محمد - انف و اذن,استشاري,انف و اذن و حنجرة
الخميس,7 مساءً,محمد بكر زكي,استشاري,انف و اذن و حنجرة
الخميس,1:30 مساءً,محمد احمد بسيوني,أخصائي,باطنة
الخميس,3 مساءً,ولاء حسين,استشاري,باطنة
الخميس,6 مساءً,سمير الوكيل,استشاري,باطنة
الخميس,8 مساءً,عبد الله الصاوي,استشاري,باطنة
الخميس,5 مساءً,علي محمد متولي,أخصائي,جراحة الاوعية الدموية
الخميس,4 مساءً,محمد حمدي محمد النبيري,أخصائي,جراحة التجميل
الخميس,2 مساءً,محمد حسن الكومي,استشاري,جراحة عامة
الخميس,4 مساءً,احمد محمد عبد الستار,استشاري,جراحة عامة
الخميس,8:30 مساءً,احمد محي,استشاري,جراحة عامة
الخميس,2 مساءً,عمر حسن,استشاري,جلدية
الخميس,4 مساءً,إبراهيم عبدالله,استشاري,جلدية
الخميس,6 مساءً,عرفان عبدالرحمن,استشاري,جلدية
الخميس,5 مساءً,احمد حامد ابراهيم,أخصائي,جهاز هضمي و كبد
الخميس,1:30 مساءً,محمد عرفه,استشاري,رمد
الخميس,7 مساءً,مروه المليجي,أخصائي,رمد
الخميس,1 مساءً,هند عبدالمنعم,استشاري,سكر وغدد
الخميس,8 مساءً,عمر خميس ابراهيم,استشاري,طب طبيعي
الخميس,1 مساءً,محمود ابراهيم,استشاري,عظام
الخميس,5:30 مساءً,احمد عبدالفتاح السماحيسي,استشاري,عظام
الخميس,6 مساءً,محمد محمود العدواي,استشاري,مخ واعصاب
الخميس,5 مساءً,محمود عبدالعزيز الصباغ,استشاري,مسالك بولية
الخميس,3 مساءً,ياسمين احمد دويدار,أخصائي,نساء و ولادة
